title,category
Unraveling the mysteries of dark matter,Physics
The role of ATP in cellular energy transfer,Biology
Building interactive web applications with React,JavaScript
Understanding convolutional neural networks,AI
Exploring the multiverse theory,Physics
Evolutionary adaptations in deep-sea organisms,Biology
Mastering asynchronous programming in Node.js,JavaScript
Ethical considerations in artificial intelligence,AI
Quantum entanglement and teleportation,Physics
Genetic engineering and CRISPR technology,Biology
Exploring functional programming in JavaScript,JavaScript
Reinforcement learning algorithms in AI,AI
The search for gravitational waves,Physics
Ecological impacts of climate change,Biology
Secure authentication with JSON Web Tokens,JavaScript
Natural language processing advancements,AI
String theory and the fabric of the universe,Physics
Neurobiology of memory formation,Biology
Full-stack development with MERN stack,JavaScript
Machine learning for medical diagnosis,AI
Black holes and the event horizon,Physics
Biodiversity conservation strategies,Biology
Exploring TypeScript for scalable applications,JavaScript
Robotics and automation in industry,AI
Quantum computing and its applications,Physics
Cellular respiration and metabolic pathways,Biology
Node.js performance optimization techniques,JavaScript
Explainable AI: Bridging the gap between humans and machines,AI
The standard model of particle physics,Physics
The human microbiome and its significance,Biology
Building real-time chat applications with Socket.IO,JavaScript
Cognitive computing and decision-making,AI
The arrow of time and thermodynamics,Physics
Ecology of coral reef ecosystems,Biology
JavaScript design patterns for scalable codebases,JavaScript
Deep learning for natural language understanding,AI
Quantum mechanics and wave-particle duality,Physics
Genetics of inherited diseases,Biology
Exploring Vue.js for reactive web interfaces,JavaScript
Ethical considerations in autonomous vehicles,AI
The concept of entropy in physics and information theory,Physics
Plant physiology and photosynthesis,Biology
Creating RESTful APIs with Express.js,JavaScript
AI ethics and bias mitigation strategies,AI
The theory of relativity and spacetime,Physics
Immunology and the human immune system,Biology
Testing and debugging strategies in JavaScript,JavaScript
Advancements in natural language generation,AI
Quantum field theory and particle interactions,Physics
Conservation genetics and endangered species management,Biology
Harnessing nuclear fusion for clean energy,Physics
The role of microRNAs in gene regulation,Biology
Introduction to asynchronous JavaScript,JavaScript
Understanding artificial neural networks,AI
The expanding universe and dark energy,Physics
Endocrine system and hormone regulation,Biology
Optimizing performance in React applications,JavaScript
Ethical implications of facial recognition technology,AI
Quantum computing: Theory and applications,Physics
Evolutionary psychology and human behavior,Biology
Mastering the DOM manipulation with jQuery,JavaScript
Chatbots and conversational AI,AI
The concept of time in modern physics,Physics
Epigenetics and environmental influences,Biology
Exploring functional programming in TypeScript,JavaScript
Explainable AI: Interpretable models and transparency,AI
Superstring theory and extra dimensions,Physics
Neuroplasticity and brain rewiring,Biology
Serverless architecture with AWS Lambda,JavaScript
Autonomous agents and multi-agent systems,AI
Quantum teleportation and quantum communication,Physics
Evolutionary ecology and population dynamics,Biology
Reactive programming with RxJS,JavaScript
Bias and fairness in machine learning algorithms,AI
Gravitational waves and their detection,Physics
Genomics and personalized medicine,Biology
Building progressive web apps with PWA,JavaScript
AI-driven personalized recommendations,AI
Quantum entanglement and non-locality,Physics
Evolutionary developmental biology (Evo-devo),Biology
Data visualization with D3.js,JavaScript
Neural network interpretability and trustworthiness,AI
The arrow of time and the origin of the universe,Physics
Immunotherapy and cancer treatment,Biology
Testing strategies for Node.js applications,JavaScript
Reinforcement learning for robotics,AI
Chaos theory and deterministic systems,Physics
Synthetic biology and bioengineering,Biology
Full-stack GraphQL development,JavaScript
Ethical considerations in autonomous decision-making,AI
The holographic principle and black hole physics,Physics
Neurodegenerative diseases and aging,Biology
Functional reactive programming with Cycle.js,JavaScript
Fairness-aware machine learning models,AI
Quantum computing algorithms and complexity,Physics
Microbiome diversity and human health,Biology
Security practices in JavaScript applications,JavaScript
Natural language understanding and sentiment analysis,AI
The many-worlds interpretation of quantum mechanics,Physics
Evolutionary genetics and adaptation,Biology
Theoretical physics: Exploring the realm of quantum gravity,Physics
Genetic engineering ethics: Balancing progress and caution,Biology
Advanced JavaScript concepts: Closures and lexical scope,JavaScript
Reinforcement learning in autonomous vehicles,AI
String theory and the quest for a unified theory,Physics
Ecology of tropical rainforests: Biodiversity hotspots,Biology
Modern front-end development: Exploring Vue.js,JavaScript
Deep learning for natural language generation,AI
The fabric of space-time: Einstein's general relativity,Physics
Neurobiology of addiction: Understanding brain mechanisms,Biology
Node.js best practices: Scalable server-side development,JavaScript
AI in healthcare: Applications and challenges,AI
Quantum computing: From qubits to quantum supremacy,Physics
Plant genetics and crop improvement,Biology
Functional programming in TypeScript: Leveraging type safety,JavaScript
Robotics ethics: Ensuring responsible AI integration,AI
Cosmology: The origin and fate of the universe,Physics
Marine biology: Exploring ocean ecosystems,Biology
Test-driven development in React: Writing robust code,JavaScript
Natural language processing: Understanding human language,AI
Quantum mechanics: The mysteries of wave-particle duality,Physics
Evolutionary ecology: Adaptation and speciation,Biology
Secure authentication in Node.js: Implementing JWT,JavaScript
Ethical considerations in AI governance,AI
Quantum entanglement: Spooky action at a distance,Physics
Cellular biology: Structure and function of organelles,Biology
JavaScript performance optimization: Boosting app speed,JavaScript
AI explainability: Making machine learning transparent,AI
General relativity: The bending of spacetime,Physics
Evolutionary psychology: Understanding human behavior,Biology
Building RESTful APIs with Express.js,JavaScript
AI in finance: Applications and risks,AI
Quantum field theory: Particle interactions and fields,Physics
Conservation biology: Protecting endangered species,Biology
Reactive programming with RxJS: Handling asynchronous data,JavaScript
AI bias mitigation: Ensuring fairness in algorithms,AI
Particle physics: The search for fundamental particles,Physics
Human anatomy: Exploring the skeletal system,Biology
Full-stack development with MEAN stack,JavaScript
AI in education: Personalized learning and adaptive systems,AI
Black hole physics: Singularities and event horizons,Physics
Microbiology: Understanding microbial diversity,Biology
JavaScript framework comparison: Angular vs. React vs. Vue,JavaScript
AI in cybersecurity: Detecting and preventing threats,AI
Quantum cryptography: Secure communication using quantum principles,Physics
Evolutionary development: The role of genes in embryonic development,Biology
Server-side rendering with Next.js: Improving SEO and performance,JavaScript
AI in marketing: Personalization and customer insights,AI
Quantum computing applications: From optimization to simulation,Physics
Ecology of invasive species: Impact on native ecosystems,Biology
Quantum Mechanics: Exploring Wave-Particle Duality,Physics
Genetic Engineering: CRISPR and Beyond,Biology
Advanced JavaScript Techniques: Promises and Async/Await,JavaScript
Ethics in Artificial Intelligence: Accountability and Transparency,AI
String Theory: Unraveling the Fabric of the Universe,Physics
Marine Biology: Coral Reefs and Ecosystem Dynamics,Biology
Front-End Development: Mastering React Hooks,JavaScript
Natural Language Understanding: Building Conversational AI,AI
Special Relativity: Time Dilation and Lorentz Transformations,Physics
Evolutionary Ecology: Adaptive Radiation and Speciation,Biology
Node.js Security: Best Practices for Secure Development,JavaScript
AI in Healthcare: Improving Diagnostics and Patient Care,AI
Quantum Computing: Algorithms and Applications,Physics
Plant Physiology: Photosynthesis and Carbon Fixation,Biology
TypeScript Fundamentals: Static Typing in JavaScript,JavaScript
Bias in Machine Learning: Addressing Fairness and Bias,AI
Cosmological Models: From Big Bang to Inflation,Physics
Conservation Genetics: Preserving Genetic Diversity,Biology
Web Performance Optimization: Strategies for Faster Websites,JavaScript
AI Ethics: Ethical Decision-Making in Autonomous Systems,AI
Quantum Entanglement: Non-Locality and Information Paradoxes,Physics
Behavioral Ecology: Foraging Strategies and Evolutionary Trade-offs,Biology
Full-Stack Development: Building End-to-End Applications,JavaScript
AI in Finance: Algorithmic Trading and Risk Management,AI
Quantum Information Theory: Entropy and Quantum Communication,Physics
Microbial Ecology: Microbiomes and Environmental Interactions,Biology
Progressive Web Apps: Enhancing User Experience with Service Workers,JavaScript
Responsible AI: Governance and Oversight in AI Development,AI
Quantum Field Theory: Particle Physics and Symmetry Breaking,Physics
Evolutionary Genetics: Mendelian Inheritance and Genetic Variation,Biology
Modern JavaScript Libraries: Exploring lodash and Underscore,JavaScript
AI in Manufacturing: Robotics and Automation,AI
Quantum Computing Hardware: qubits and Quantum Gates,Physics
Conservation Biology: Habitat Restoration and Biodiversity Conservation,Biology
Serverless Architecture: Building Scalable Applications with AWS Lambda,JavaScript
AI and Creativity: Generative Adversarial Networks and Creative Machines,AI
Quantum Algorithms: Shor's Algorithm and Grover's Algorithm,Physics
Human Physiology: Organ Systems and Homeostasis,Biology
Responsive Web Design: CSS Grid and Flexbox Layouts,JavaScript
AI in Transportation: Autonomous Vehicles and Traffic Management,AI
Black Hole Astrophysics: Event Horizons and Hawking Radiation,Physics
Developmental Biology: Embryonic Development and Cell Differentiation,Biology
Data Structures and Algorithms: Mastering JavaScript Arrays and Objects,JavaScript
AI in Agriculture: Precision Farming and Crop Monitoring,AI
Quantum Error Correction: Quantum Codes and Error Correction Techniques,Physics
Conservation Biogeography: Species Distribution Modeling and Conservation Planning,Biology
Single-Page Applications: Building Dynamic Web Apps with React Router,JavaScript
AI and Healthcare Ethics: Patient Privacy and Medical Data Security,AI
Quantum Sensing: Quantum Metrology and Sensing Applications,Physics
Ecological Succession: Primary and Secondary Succession in Ecosystems,Biology
Quantum Computing: Beyond Superposition and Entanglement,Physics
Synthetic Biology: Engineering Life at the Molecular Level,Biology
Advanced JavaScript Patterns: Functional Programming Paradigms,JavaScript
AI Governance: Ethics and Regulations in Machine Learning,AI
Quantum Gravity: The Search for a Unified Theory,Physics
Conservation Ecology: Strategies for Ecosystem Preservation,Biology
Natural Language Generation: Generating Human-like Text with AI,AI
Quantum Information Science: Quantum Algorithms and Cryptography,Physics
Evolutionary Development: From Zygote to Organism,Biology
Node.js Security: Protecting Against Common Vulnerabilities,JavaScript
AI in Retail: Personalized Shopping Experiences and Customer Analytics,AI
Quantum Simulation: Modeling Complex Systems with Quantum Computers,Physics
Population Genetics: Understanding Genetic Variation and Evolution,Biology
TypeScript Advanced Techniques: Generics and Decorators,JavaScript
AI Bias Detection: Mitigating Biases in Machine Learning Models,AI
Cosmological Inflation: Origins of the Universe's Expansion,Physics
Marine Conservation: Protecting Marine Biodiversity and Habitats,Biology
Server-Side Rendering: Improving SEO and Performance in JavaScript,JavaScript
AI in Cybersecurity: Threat Detection and Vulnerability Management,AI
Quantum Cryptography: Securing Communications with Quantum Key Distribution,Physics
Behavioral Genetics: Genetics of Behavior and Personality Traits,Biology
GraphQL Fundamentals: Building APIs with GraphQL and Apollo,JavaScript
AI in Entertainment: Personalized Content Recommendation and Generation,AI
Quantum Computing Hardware: Quantum Processors and Quantum Gates,Physics
Community Ecology: Interactions Among Species in Ecosystems,Biology
Progressive Web Apps: Enhancing User Experience with Offline Support,JavaScript
AI Explainability: Interpreting and Explaining Machine Learning Models,AI
Quantum Computing Algorithms: Grover's Algorithm and Quantum Search,Physics
AI in Supply Chain: Predictive Analytics and Demand Forecasting,AI
Quantum Error Correction: Strategies for Fault-Tolerant Quantum Computing,Physics
Landscape Ecology: Patterns and Processes in Landscape Dynamics,Biology
Full-Stack TypeScript: Building End-to-End Applications with TypeScript,JavaScript
Quantum Entropy: Information Theory in Quantum Mechanics,Physics
Developmental Genetics: Genetic Regulation of Developmental Processes,Biology
AI in Finance: Algorithmic Trading and Risk Management,AI
Black Hole Thermodynamics: Hawking Radiation and Information Paradox,Physics
Comparative Anatomy: Evolutionary Relationships Among Organisms,Biology
JavaScript Performance Optimization: Strategies for Faster Websites,JavaScript
Quantum Sensing: Quantum Metrology and Precision Measurement,Physics
Ecological Modeling: Population Dynamics and Species Interactions,Biology
Reactive Programming with RxJS: Handling Asynchronous Data Streams,JavaScript
AI and Privacy: Ethical Considerations in Data Collection and Usage,AI
Quantum Computing Software: Quantum Programming Languages and Frameworks,Physics
Ecophysiology: Physiological Responses of Organisms to Environmental Conditions,Biology
Quantum Field Theory: Particle Physics and Fundamental Forces,Physics
Evolutionary Development: Genetic Basis of Morphological Variation,Biology
Functional JavaScript: Higher-Order Functions and Closures,JavaScript
Ethical AI: Bias Detection and Algorithmic Fairness,AI
String Theory: Exploring Extra Dimensions and String Vibrations,Physics
Plant Ecology: Interactions Between Plants and Their Environment,Biology
Modern Web Development: Building Scalable APIs with Node.js,JavaScript
Conversational AI: Natural Language Understanding and Generation,AI
Quantum Algorithms: Shor's Algorithm and Grover's Algorithm,Physics
Conservation Biology: Preserving Biodiversity and Ecosystems,Biology
JavaScript Testing: Unit Testing with Jest and Mocha,JavaScript
AI in Education: Personalized Learning and Adaptive Assessments,AI
Quantum Computing Hardware: Superconducting Qubits and Quantum Gates,Physics
Cell Biology: Organelle Structure and Cellular Processes,Biology
Reactive Programming with Vue.js: Handling State and Events,JavaScript
AI Explainability: Interpretable Models and Explainable Decisions,AI
Cosmology: From the Big Bang to Cosmic Microwave Background Radiation,Physics
Evolutionary Genetics: Genetic Variation and Adaptation in Populations,Biology
Web Performance Optimization: Improving Speed and Responsiveness,JavaScript
AI in Finance: Risk Assessment and Portfolio Optimization,AI
Quantum Cryptography: Secure Communication with Quantum Key Distribution,Physics
Behavioral Ecology: Adaptive Behavior and Ecological Interactions,Biology
Full-Stack Development with React: Building SPAs with React Router,JavaScript
Quantum Entanglement: Non-Locality and Bell's Theorem,Physics
JavaScript Frameworks Comparison: React vs. Angular vs. Vue.js,JavaScript
AI in Marketing: Personalized Recommendations and Customer Segmentation,AI
Quantum Computing Algorithms: Quantum Fourier Transform and Phase Estimation,Physics
Conservation Genetics: Genetic Diversity and Population Conservation,Biology
Serverless Architecture with AWS Lambda: Scalable and Cost-Effective Solutions,JavaScript
Quantum Error Correction: Quantum Codes and Fault-Tolerant Quantum Computing,Physics
Landscape Ecology: Spatial Patterns and Ecological Processes,Biology
Comparative Anatomy: Homologous Structures and Evolutionary Relationships,Biology
Microbial Ecology: Microbial Communities and Nutrient Cycling,Biology
JavaScript Debugging: Tools and Techniques for Debugging Web Applications,JavaScript
AI in Retail: Personalized Shopping Experiences and Inventory Management,AI
Quantum Sensing: Quantum Metrology and Precision Measurement Techniques,Physics
Ecophysiology: Physiological Responses of Organisms to Environmental Factors,Biology
AI and Data Privacy: Ensuring Data Protection and GDPR Compliance,AI
Quantum Computing Software: Programming Languages and Quantum Circuit Simulation,Physics
Evolutionary Ecology: Evolutionary Dynamics in Changing Environments,Biology
Quantum Mechanics: Exploring the Quantum World,Physics
Genetics and Genomics: Unraveling the Genetic Code,Biology
Advanced JavaScript Techniques: Mastering ES6 and Beyond,JavaScript
Ethics in Artificial Intelligence: Ensuring Responsible AI Development,AI
String Theory: Theoretical Framework of the Universe,Physics
Marine Biology: Life in the Ocean Depths,Biology
Full-Stack Development: Building End-to-End Applications,JavaScript
Natural Language Processing: Understanding Human Language,AI
Quantum Computing: Principles and Applications,Physics
Evolutionary Ecology: Adaptation and Speciation,Biology
Node.js Security: Best Practices for Secure Development,JavaScript
AI in Healthcare: Innovations in Medical Diagnosis,AI
Quantum Information Science: Quantum Entanglement and Cryptography,Physics
Conservation Genetics: Preserving Genetic Diversity,Biology
Web Performance Optimization: Strategies for Faster Websites,JavaScript
AI Bias Detection: Mitigating Bias in Machine Learning,AI
Cosmological Models: The Origin and Evolution of the Universe,Physics
Plant Physiology: Understanding Plant Functionality,Biology
TypeScript Fundamentals: Introduction to Type-Safe JavaScript,JavaScript
AI in Finance: Predictive Analytics and Risk Management,AI
Quantum Cryptography: Secure Communication with Quantum Mechanics,Physics
Behavioral Genetics: Genetic Basis of Behavior,Biology
GraphQL Fundamentals: Building APIs with GraphQL and Apollo,JavaScript
AI in Retail: Personalized Shopping Experiences,AI
Quantum Error Correction: Protecting Quantum Information,Physics
Community Ecology: Interactions Among Species,Biology
Progressive Web Apps: Enhancing User Experience,JavaScript
AI Explainability: Interpreting Machine Learning Models,AI
Quantum Algorithms: Solving Complex Problems,Physics
Molecular Biology Techniques: Tools for Genetic Analysis,Biology
AI in Supply Chain: Optimization and Automation,AI
Quantum Field Theory: Particle Physics and Quantum Electrodynamics,Physics
Developmental Biology: Understanding Embryonic Development,Biology
AI in Marketing: Targeted Advertising and Customer Insights,AI
Black Hole Astrophysics: Mysteries of the Universe's Dark Objects,Physics
Microbial Ecology: Microbial Communities and Ecosystem Dynamics,Biology
JavaScript Performance Optimization: Improving Web App Speed,JavaScript
AI in Human Resources: Recruitment and Employee Management,AI
Quantum Sensing: Precision Measurement with Quantum Systems,Physics
Ecological Succession: Dynamics of Ecosystem Change,Biology
Single-Page Applications: Building Dynamic Web Apps,JavaScript
AI and Data Privacy: Protecting User Data in AI Systems,AI
Quantum Computing Software: Programming for Quantum Computers,Physics
Evolutionary Genetics: Genetic Variation and Adaptation,Biology
JavaScript Debugging: Tools and Techniques for Bug Fixing,JavaScript
AI in Education: Personalized Learning and Adaptive Teaching,AI
Quantum Mechanics Interpretations: Copenhagen vs. Many-Worlds,Physics
Comparative Anatomy: Comparative Study of Organisms,Biology
JavaScript Frameworks Comparison: Choosing the Right Framework,JavaScript
AI in Transportation: Autonomous Vehicles and Traffic Management,AI
Quantum Gravity: Theories of Gravity at the Quantum Scale,Physics
Microbiome Research: Understanding Gut Microbiota,Biology
JavaScript Unit Testing: Writing Tests for Reliable Code,JavaScript
AI and Healthcare Ethics: Ethical Considerations in Medical AI,AI
Quantum Computing Algorithms: Solving Optimization Problems,Physics
Evolutionary Ecology: Patterns and Processes in Evolutionary Biology,Biology
Responsive Web Design: Creating Mobile-Friendly Websites,JavaScript
AI in Entertainment: Content Creation and Personalization,AI
Quantum Thermodynamics: Quantum Systems and Entropy,Physics
Ecological Modeling: Simulating Ecosystem Dynamics,Biology
AI in Customer Service: Chatbots and Virtual Assistants,AI
Quantum Annealing: Optimization with Quantum Annealers,Physics
Evolutionary Development: Genetics and Embryonic Development,Biology
JavaScript Design Patterns: Best Practices for Code Structure,JavaScript
AI in Agriculture: Precision Farming and Crop Management,AI
Quantum Chaos: Chaotic Behavior in Quantum Systems,Physics
Plant Evolution: Evolutionary History of Plants,Biology
Web Accessibility: Designing Inclusive Websites,JavaScript
AI in Gaming: Procedural Content Generation and NPC Behavior,AI
Quantum Simulation: Modeling Quantum Systems,Physics
Animal Behavior: Ethology and Behavioral Ecology,Biology
JavaScript Data Visualization: Creating Interactive Charts and Graphs,JavaScript
AI in Legal: Legal Research and Document Analysis,AI
Quantum Superposition: Coexistence of States in Quantum Mechanics,Physics
Conservation Biology: Strategies for Biodiversity Conservation,Biology
AI in Journalism: Automated News Writing and Fact-Checking,AI
Quantum Computing Applications: Real-World Applications of Quantum Computing,Physics
Evolutionary Psychology: Evolutionary Basis of Human Behavior,Biology
JavaScript Security: Best Practices for Secure Web Development,JavaScript
AI in Real Estate: Property Valuation and Market Analysis,AI
Quantum Computing Languages: Programming Quantum Computers,Physics
Conservation Genetics: Genetic Management of Endangered Species,Biology
Quantum Computing Hardware: Building Quantum Computers,Physics
Evolutionary Ecology: Evolutionary Processes in Ecological Systems,Biology
JavaScript Server-Side Rendering: SSR with Next.js and Nuxt.js,JavaScript
AI in Finance: Algorithmic Trading and Risk Assessment,AI
Quantum Algorithms: Speeding Up Computation with Quantum Computers,Physics
Conservation Biology: Ecological Restoration and Habitat Management,Biology
AI in Healthcare: Medical Imaging and Diagnostics,AI
Quantum Communication: Secure Communication with Quantum Key Distribution,Physics
Animal Physiology: Physiological Adaptations in Animals,Biology
JavaScript Performance Monitoring: Analyzing and Optimizing Web Performance,JavaScript
AI in Tourism: Personalized Travel Recommendations and Planning,AI
The Standard Model of Particle Physics: Exploring the Subatomic World,Physics
Evolutionary Biology: Mechanisms of Evolutionary Change,Biology
Advanced JavaScript Patterns: Mastering Object-Oriented Design,JavaScript
AI Ethics: Addressing Bias and Fairness in Machine Learning,AI
Quantum Cosmology: The Quantum Origins of the Universe,Physics
Conservation Ecology: Strategies for Ecosystem Preservation,Biology
Natural Language Generation: Creating Human-Like Text with AI,AI
Quantum Computing Applications: From Cryptography to Optimization,Physics
Population Genetics: Understanding Genetic Variation in Populations,Biology
React Native Development: Building Cross-Platform Mobile Apps,JavaScript
AI in Healthcare: Enhancing Patient Care with Machine Learning,AI
Quantum Information Theory: Principles of Quantum Communication,Physics
Landscape Ecology: Patterns and Processes in Landscape Dynamics,Biology
JavaScript Functional Programming: Embracing Functional Paradigms,JavaScript
AI Explainability: Interpreting and Explaining AI Models,AI
String Theory: The Quest for a Unified Theory of Everything,Physics
Marine Conservation Biology: Protecting Ocean Biodiversity,Biology
Web Accessibility: Designing Inclusive and Accessible Websites,JavaScript
AI in Finance: Predictive Analytics and Algorithmic Trading,AI
Quantum Computing Hardware: Building Quantum Processors,Physics
Behavioral Ecology: Evolutionary Basis of Animal Behavior,Biology
AngularJS Deep Dive: Advanced Concepts and Best Practices,JavaScript
AI in Retail: Personalized Shopping Experiences and Recommendation Systems,AI
Quantum Algorithms: Solving Complex Problems with Quantum Computers,Physics
Conservation Genetics: Preserving Endangered Species Diversity,Biology
Full-Stack TypeScript Development: Building Scalable Web Applications,JavaScript
AI in Marketing: Targeted Advertising and Customer Segmentation,AI
Quantum Error Correction: Protecting Quantum Information from Decoherence,Physics
Developmental Biology: Mechanisms of Embryonic Development,Biology
AI in Education: Adaptive Learning and Personalized Instruction,AI
Quantum Cryptography: Securing Communication with Quantum Key Distribution,Physics
Evolutionary Genetics: Understanding Genetic Variation and Selection,Biology
Responsive Web Design: Creating Multi-Device Experiences,JavaScript
AI in Human Resources: Recruitment Automation and Employee Management,AI
Quantum Annealing: Solving Optimization Problems with Quantum Annealers,Physics
Ecological Succession: Dynamics of Community Change in Ecosystems,Biology
AI in Gaming: Procedural Content Generation and NPC Behavior,AI
Quantum Field Theory: Understanding Particle Physics and Quantum Mechanics,Physics
Microbial Ecology: Interactions and Diversity of Microorganisms in Ecosystems,Biology
Quantum Superposition: Principles and Applications in Quantum Mechanics,Physics
Plant Physiology: Mechanisms of Plant Growth and Metabolism,Biology
JavaScript Security Best Practices: Securing Web Applications,JavaScript
Quantum Chaos: Complexity and Chaos in Quantum Systems,Physics
Animal Behavior: Ethology and Behavioral Ecology,Biology
JavaScript Functional Reactive Programming: RxJS and Beyond,JavaScript
AI in Journalism: Automated Content Generation and News Verification,AI
Quantum Simulation: Modeling Complex Systems with Quantum Computers,Physics
Conservation Biogeography: Spatial Patterns and Conservation Strategies,Biology
JavaScript Server-Side Rendering: Building SSR Applications with Next.js and Nuxt.js,JavaScript
Quantum Mechanics Interpretations: Copenhagen vs. Many-Worlds Interpretations,Physics
Animal Physiology: Physiological Adaptations in Animals,Biology
JavaScript Debugging Techniques: Tools and Strategies for Bug Fixing,JavaScript
AI in Tourism: Personalized Travel Recommendations and Destination Planning,AI
Quantum Computing Languages: Programming Quantum Computers,Physics
Ecological Modeling: Simulation and Prediction of Ecosystem Dynamics,Biology
Quantum Communication: Principles and Applications of Quantum Information,Physics
Evolutionary Psychology: Evolutionary Origins of Human Behavior,Biology
JavaScript Frameworks Comparison: React vs. Angular vs. Vue.js,JavaScript
Conservation Genetics: Genetic Management of Endangered Species,Biology
Quantum Computing Hardware: Building Quantum Computers,Physics
Evolutionary Ecology: Evolutionary Processes in Ecological Systems,Biology
Quantum Communication: Principles and Applications of Quantum Information,Physics
Animal Physiology: Physiological Adaptations in Animals,Biology
JavaScript Debugging Techniques: Tools and Strategies for Bug Fixing,JavaScript
AI in Tourism: Personalized Travel Recommendations and Destination Planning,AI
Quantum Computing Languages: Programming Quantum Computers,Physics
Ecological Modeling: Simulation and Prediction of Ecosystem Dynamics,Biology
Conservation Genetics: Genetic Management of Endangered Species,Biology
Quantum Computing Hardware: Building Quantum Computers,Physics
Evolutionary Ecology: Evolutionary Processes in Ecological Systems,Biology
Quantum Sensing: Precision Measurement and Sensing with Quantum Systems,Physics
Plant Ecology: Interactions Between Plants and Their Environment,Biology
